date,sp500,nasdaq,shanghai,vix
2017-01-03,2257.830078125,5429.080078125,3135.9208984375,12.850000381469727
2017-01-04,2270.75,5477.0,3158.7939453125,11.850000381469727
2017-01-05,2269.0,5487.93994140625,3165.410888671875,11.670000076293945
2017-01-06,2276.97998046875,5521.06005859375,3154.321044921875,11.319999694824219
2017-01-09,2268.89990234375,5531.81982421875,3171.236083984375,11.5600004196167
2017-01-10,2268.89990234375,5551.81982421875,3161.6708984375,11.489999771118164
2017-01-11,2275.320068359375,5563.64990234375,3136.75390625,11.260000228881836
2017-01-12,2270.43994140625,5547.490234375,3119.2890625,11.539999961853027
2017-01-13,2274.639892578125,5574.1201171875,3112.763916015625,11.229999542236328
2017-01-16,,,3103.427978515625,
2017-01-17,2267.889892578125,5538.72998046875,3108.77490234375,11.869999885559082
2017-01-18,2271.889892578125,5555.64990234375,3113.011962890625,12.479999542236328
2017-01-19,2263.68994140625,5540.080078125,3101.299072265625,12.779999732971191
2017-01-20,2271.31005859375,5555.330078125,3123.138916015625,11.539999961853027
2017-01-23,2265.199951171875,5552.93994140625,3136.77490234375,11.770000457763672
2017-01-24,2280.070068359375,5600.9599609375,3142.552978515625,11.069999694824219
2017-01-25,2298.3701171875,5656.33984375,3149.554931640625,10.8100004196167
2017-01-26,2296.679931640625,5655.18017578125,3159.166015625,10.630000114440918
2017-01-27,2294.68994140625,5660.77978515625,,10.579999923706055
2017-01-30,2280.89990234375,5613.7099609375,,11.880000114440918
2017-01-31,2278.8701171875,5614.7900390625,,11.989999771118164
2017-02-01,2279.550048828125,5642.64990234375,,11.8100004196167
2017-02-02,2280.85009765625,5636.2001953125,,11.930000305175781
2017-02-03,2297.419921875,5666.77001953125,3140.169921875,10.970000267028809
2017-02-06,2292.56005859375,5663.5498046875,3156.98388671875,11.369999885559082
2017-02-07,2293.080078125,5674.22021484375,3153.087890625,11.289999961853027
2017-02-08,2294.669921875,5682.4501953125,3166.98193359375,11.449999809265137
2017-02-09,2307.8701171875,5715.18017578125,3183.178955078125,10.880000114440918
2017-02-10,2316.10009765625,5734.1298828125,3196.698974609375,10.850000381469727
2017-02-13,2328.25,5763.9599609375,3216.839111328125,11.069999694824219
2017-02-14,2337.580078125,5782.56982421875,3217.927978515625,10.739999771118164
2017-02-15,2349.25,5819.43994140625,3212.986083984375,11.970000267028809
2017-02-16,2347.219970703125,5814.89990234375,3229.617919921875,11.760000228881836
2017-02-17,2351.159912109375,5838.580078125,3202.075927734375,11.489999771118164
2017-02-20,,,3239.9609375,
2017-02-21,2365.3798828125,5865.9501953125,3253.325927734375,11.569999694824219
2017-02-22,2362.820068359375,5860.6298828125,3261.218017578125,11.739999771118164
2017-02-23,2363.81005859375,5835.509765625,3251.375,11.710000038146973
2017-02-24,2367.340087890625,5845.31005859375,3253.43310546875,11.470000267028809
2017-02-27,2369.75,5861.89990234375,3228.659912109375,12.09000015258789
2017-02-28,2363.639892578125,5825.43994140625,3241.73291015625,12.920000076293945
2017-03-01,2395.9599609375,5904.02978515625,3246.93408203125,12.539999961853027
2017-03-02,2381.919921875,5861.22021484375,3230.028076171875,11.8100004196167
2017-03-03,2383.1201171875,5870.75,3218.31201171875,10.960000038146973
2017-03-06,2375.31005859375,5849.18017578125,3233.865966796875,11.239999771118164
2017-03-07,2368.389892578125,5833.93017578125,3242.406005859375,11.449999809265137
2017-03-08,2362.97998046875,5837.5498046875,3240.6650390625,11.859999656677246
2017-03-09,2364.8701171875,5838.81005859375,3216.74609375,12.300000190734863
2017-03-10,2372.60009765625,5861.72998046875,3212.760009765625,11.65999984741211
2017-03-13,2373.469970703125,5875.77978515625,3237.02392578125,11.350000381469727
2017-03-14,2365.449951171875,5856.81982421875,3239.327880859375,12.300000190734863
2017-03-15,2385.260009765625,5900.0498046875,3241.760009765625,11.630000114440918
2017-03-16,2381.3798828125,5900.759765625,3268.93505859375,11.210000038146973
2017-03-17,2378.25,5901.0,3237.447021484375,11.279999732971191
2017-03-20,2373.469970703125,5901.52978515625,3250.80810546875,11.34000015258789
2017-03-21,2344.02001953125,5793.830078125,3261.611083984375,12.470000267028809
2017-03-22,2348.449951171875,5821.64013671875,3245.219970703125,12.8100004196167
2017-03-23,2345.9599609375,5817.68994140625,3248.550048828125,13.119999885559082
2017-03-24,2343.97998046875,5828.740234375,3269.445068359375,12.960000038146973
2017-03-27,2341.590087890625,5840.3701171875,3266.955078125,12.5
2017-03-28,2358.570068359375,5875.14013671875,3252.947998046875,11.529999732971191
2017-03-29,2361.1298828125,5897.5498046875,3241.31396484375,11.420000076293945
2017-03-30,2368.06005859375,5914.33984375,3210.237060546875,11.539999961853027
2017-03-31,2362.719970703125,5911.740234375,3222.513916015625,12.369999885559082
2017-04-03,2358.840087890625,5894.68017578125,,12.380000114440918
2017-04-04,2360.159912109375,5898.60986328125,,11.789999961853027
2017-04-05,2352.949951171875,5864.47998046875,3270.304931640625,12.890000343322754
2017-04-06,2357.489990234375,5878.9501953125,3281.0048828125,12.390000343322754
2017-04-07,2355.5400390625,5877.81005859375,3286.615966796875,12.869999885559082
2017-04-10,2357.159912109375,5880.93017578125,3269.39306640625,14.050000190734863
2017-04-11,2353.780029296875,5866.77001953125,3288.966064453125,15.069999694824219
2017-04-12,2344.929931640625,5836.16015625,3273.830078125,15.770000457763672
2017-04-13,2328.949951171875,5805.14990234375,3275.9599609375,15.960000038146973
2017-04-14,,,3244.48291015625,
2017-04-17,2349.010009765625,5856.7900390625,3222.1669921875,14.65999984741211
2017-04-18,2342.18994140625,5849.47021484375,3196.712890625,14.420000076293945
2017-04-19,2338.169921875,5863.02978515625,3170.68701171875,14.930000305175781
2017-04-20,2355.840087890625,5916.77978515625,3172.10009765625,14.149999618530273
2017-04-21,2348.68994140625,5910.52001953125,3173.15087890625,14.630000114440918
2017-04-24,2374.14990234375,5983.81982421875,3129.531005859375,10.84000015258789
2017-04-25,2388.610107421875,6025.490234375,3134.56689453125,10.760000228881836
2017-04-26,2387.449951171875,6025.22998046875,3140.846923828125,10.850000381469727
2017-04-27,2388.77001953125,6048.93994140625,3152.18701171875,10.359999656677246
2017-04-28,2384.199951171875,6047.60986328125,3154.657958984375,10.819999694824219
2017-05-01,2388.330078125,6091.60009765625,,10.109999656677246
2017-05-02,2391.169921875,6095.3701171875,3143.7119140625,10.59000015258789
2017-05-03,2388.1298828125,6072.5498046875,3135.345947265625,10.680000305175781
2017-05-04,2389.52001953125,6075.33984375,3127.368896484375,10.460000038146973
2017-05-05,2399.2900390625,6100.759765625,3103.0380859375,10.569999694824219
2017-05-08,2399.3798828125,6102.66015625,3078.613037109375,9.770000457763672
2017-05-09,2396.919921875,6120.58984375,3080.527099609375,9.960000038146973
2017-05-10,2399.6298828125,6129.14013671875,3052.784912109375,10.210000038146973
2017-05-11,2394.43994140625,6115.9599609375,3061.5,10.600000381469727
2017-05-12,2390.89990234375,6121.22998046875,3083.512939453125,10.399999618530273
2017-05-15,2402.320068359375,6149.669921875,3090.22900390625,10.420000076293945
2017-05-16,2400.669921875,6169.8701171875,3112.964111328125,10.649999618530273
2017-05-17,2357.030029296875,6011.240234375,3104.44189453125,15.59000015258789
2017-05-18,2365.719970703125,6055.1298828125,3090.138916015625,14.65999984741211
2017-05-19,2381.72998046875,6083.7001953125,3090.631103515625,12.039999961853027
2017-05-22,2394.02001953125,6133.6201171875,3075.676025390625,10.930000305175781
2017-05-23,2398.419921875,6138.7099609375,3061.947021484375,10.720000267028809
2017-05-24,2404.389892578125,6163.02001953125,3064.075927734375,10.020000457763672
2017-05-25,2415.070068359375,6205.259765625,3107.8310546875,9.989999771118164
2017-05-26,2415.820068359375,6210.18994140625,3110.05908203125,9.8100004196167
2017-05-30,2412.909912109375,6203.18994140625,,10.380000114440918
2017-05-31,2411.800048828125,6198.52001953125,3117.177978515625,10.40999984741211
2017-06-01,2430.06005859375,6246.830078125,3102.623046875,9.890000343322754
2017-06-02,2439.070068359375,6305.7998046875,3105.5400390625,9.75
2017-06-05,2436.10009765625,6295.68017578125,3091.656005859375,10.069999694824219
2017-06-06,2429.330078125,6275.06005859375,3102.1259765625,10.449999809265137
2017-06-07,2433.139892578125,6297.3798828125,3140.324951171875,10.390000343322754
2017-06-08,2433.7900390625,6321.759765625,3150.333984375,10.15999984741211
2017-06-09,2431.77001953125,6207.919921875,3158.39990234375,10.699999809265137
2017-06-12,2429.389892578125,6175.4599609375,3139.876953125,11.460000038146973
2017-06-13,2440.35009765625,6220.3701171875,3153.742919921875,10.420000076293945
2017-06-14,2437.919921875,6194.89013671875,3130.674072265625,10.640000343322754
2017-06-15,2432.4599609375,6165.5,3132.486083984375,10.899999618530273
2017-06-16,2433.14990234375,6151.759765625,3123.166015625,10.380000114440918
2017-06-19,2453.4599609375,6239.009765625,3144.3740234375,10.369999885559082
2017-06-20,2437.030029296875,6188.02978515625,3140.013916015625,10.859999656677246
2017-06-21,2435.610107421875,6233.9501953125,3156.2119140625,10.75
2017-06-22,2434.5,6236.68994140625,3147.452880859375,10.479999542236328
2017-06-23,2438.300048828125,6265.25,3157.873046875,10.020000457763672
2017-06-26,2439.070068359375,6247.14990234375,3185.444091796875,9.899999618530273
2017-06-27,2419.3798828125,6146.6201171875,3191.197021484375,11.0600004196167
2017-06-28,2440.68994140625,6234.41015625,3173.200927734375,10.029999732971191
2017-06-29,2419.699951171875,6144.35009765625,3188.06298828125,11.4399995803833
2017-06-30,2423.409912109375,6140.419921875,3192.427001953125,11.180000305175781
2017-07-03,2429.010009765625,6110.06005859375,3195.912109375,11.220000267028809
2017-07-04,,,3182.803955078125,
2017-07-05,2432.5400390625,6150.85986328125,3207.134033203125,11.069999694824219
2017-07-06,2409.75,6089.4599609375,3212.444091796875,12.539999961853027
2017-07-07,2425.179931640625,6153.080078125,3217.95703125,11.1899995803833
2017-07-10,2427.429931640625,6176.39013671875,3212.632080078125,11.109999656677246
2017-07-11,2425.530029296875,6193.2998046875,3203.0380859375,10.890000343322754
2017-07-12,2443.25,6261.169921875,3197.5439453125,10.300000190734863
2017-07-13,2447.830078125,6274.43994140625,3218.1630859375,9.899999618530273
2017-07-14,2459.27001953125,6312.47021484375,3222.4169921875,9.510000228881836
2017-07-17,2459.139892578125,6314.43017578125,3176.465087890625,9.819999694824219
2017-07-18,2460.610107421875,6344.31005859375,3187.56689453125,9.890000343322754
2017-07-19,2473.830078125,6385.0400390625,3230.97607421875,9.789999961853027
2017-07-20,2473.449951171875,6390.0,3244.864990234375,9.579999923706055
2017-07-21,2472.5400390625,6387.75,3237.98193359375,9.359999656677246
2017-07-24,2469.909912109375,6410.81005859375,3250.59912109375,9.430000305175781
2017-07-25,2477.1298828125,6412.169921875,3243.68896484375,9.430000305175781
2017-07-26,2477.830078125,6422.75,3247.675048828125,9.600000381469727
2017-07-27,2475.419921875,6382.18994140625,3249.781005859375,10.109999656677246
2017-07-28,2472.10009765625,6374.68017578125,3253.239990234375,10.289999961853027
2017-07-31,2470.300048828125,6348.1201171875,3273.028076171875,10.260000228881836
2017-08-01,2476.35009765625,6362.93994140625,3292.637939453125,10.09000015258789
2017-08-02,2477.570068359375,6362.64990234375,3285.056884765625,10.279999732971191
2017-08-03,2472.159912109375,6340.33984375,3272.928955078125,10.4399995803833
2017-08-04,2476.830078125,6351.56005859375,3262.0810546875,10.029999732971191
2017-08-07,2480.909912109375,6383.77001953125,3279.45703125,9.930000305175781
2017-08-08,2474.919921875,6370.4599609375,3281.873046875,10.960000038146973
2017-08-09,2474.02001953125,6352.330078125,3275.572998046875,11.109999656677246
2017-08-10,2438.2099609375,6216.8701171875,3261.7490234375,16.040000915527344
2017-08-11,2441.320068359375,6256.56005859375,3208.541015625,15.510000228881836
2017-08-14,2465.840087890625,6340.22998046875,3237.360107421875,12.329999923706055
2017-08-15,2464.610107421875,6333.009765625,3251.261962890625,12.039999961853027
2017-08-16,2468.110107421875,6345.10986328125,3246.450927734375,11.739999771118164
2017-08-17,2430.010009765625,6221.91015625,3268.429931640625,15.550000190734863
2017-08-18,2425.550048828125,6216.52978515625,3268.72412109375,14.260000228881836
2017-08-21,2428.3701171875,6213.1298828125,3286.906005859375,13.1899995803833
2017-08-22,2452.510009765625,6297.47998046875,3290.22607421875,11.350000381469727
2017-08-23,2444.0400390625,6278.41015625,3287.705078125,12.25
2017-08-24,2438.969970703125,6271.330078125,3271.511962890625,12.229999542236328
2017-08-25,2443.050048828125,6265.64013671875,3331.52197265625,11.279999732971191
2017-08-28,2444.239990234375,6283.02001953125,3362.65087890625,11.319999694824219
2017-08-29,2446.300048828125,6301.89013671875,3365.22607421875,11.699999809265137
2017-08-30,2457.590087890625,6368.31005859375,3363.626953125,11.220000267028809
2017-08-31,2471.64990234375,6428.66015625,3360.81005859375,10.59000015258789
2017-09-01,2476.550048828125,6435.330078125,3367.118896484375,10.130000114440918
2017-09-04,,,3379.8359375,
2017-09-05,2457.85009765625,6375.56982421875,3384.31689453125,12.229999542236328
2017-09-06,2465.5400390625,6393.31005859375,3385.388916015625,11.630000114440918
2017-09-07,2465.10009765625,6397.8701171875,3365.4970703125,11.550000190734863
2017-09-08,2461.429931640625,6360.18994140625,3365.242919921875,12.119999885559082
2017-09-11,2488.110107421875,6432.259765625,3376.4189453125,10.729999542236328
2017-09-12,2496.47998046875,6454.27978515625,3379.488037109375,10.579999923706055
2017-09-13,2498.3701171875,6460.18994140625,3384.14697265625,10.5
2017-09-14,2495.6201171875,6429.080078125,3371.426025390625,10.4399995803833
2017-09-15,2500.22998046875,6448.47021484375,3353.618896484375,10.170000076293945
2017-09-18,2503.8701171875,6454.64013671875,3362.85888671875,10.149999618530273
2017-09-19,2506.64990234375,6461.31982421875,3356.844970703125,10.180000305175781
2017-09-20,2508.239990234375,6456.0400390625,3365.99609375,9.779999732971191
2017-09-21,2500.60009765625,6422.68994140625,3357.81201171875,9.670000076293945
2017-09-22,2502.219970703125,6426.919921875,3352.529052734375,9.59000015258789
2017-09-25,2496.659912109375,6370.58984375,3341.549072265625,10.210000038146973
2017-09-26,2496.840087890625,6380.16015625,3343.5830078125,10.170000076293945
2017-09-27,2507.0400390625,6453.259765625,3345.27197265625,9.869999885559082
2017-09-28,2510.06005859375,6453.4501953125,3339.64208984375,9.550000190734863
2017-09-29,2519.360107421875,6495.9599609375,3348.943115234375,9.510000228881836
2017-10-02,2529.1201171875,6516.72021484375,,9.449999809265137
2017-10-03,2534.580078125,6531.7099609375,,9.510000228881836
2017-10-04,2537.739990234375,6534.6298828125,,9.630000114440918
2017-10-05,2552.070068359375,6585.35986328125,,9.1899995803833
2017-10-06,2549.330078125,6590.18017578125,,9.649999618530273
2017-10-09,2544.72998046875,6579.72998046875,3374.3779296875,10.329999923706055
2017-10-10,2550.639892578125,6587.25,3382.988037109375,10.079999923706055
2017-10-11,2555.239990234375,6603.5498046875,3388.283935546875,9.850000381469727
2017-10-12,2550.929931640625,6591.509765625,3386.10009765625,9.90999984741211
2017-10-13,2553.169921875,6605.7998046875,3390.52294921875,9.609999656677246
2017-10-16,2557.639892578125,6624.0,3378.469970703125,9.90999984741211
2017-10-17,2559.360107421875,6623.66015625,3372.041015625,10.3100004196167
2017-10-18,2561.260009765625,6624.22021484375,3381.7939453125,10.069999694824219
2017-10-19,2562.10009765625,6605.06982421875,3370.172119140625,10.050000190734863
2017-10-20,2575.2099609375,6629.0498046875,3378.64794921875,9.970000267028809
2017-10-23,2564.97998046875,6586.830078125,3380.698974609375,11.069999694824219
2017-10-24,2569.1298828125,6598.43017578125,3388.248046875,11.15999984741211
2017-10-25,2557.14990234375,6563.89013671875,3396.89794921875,11.229999542236328
2017-10-26,2560.39990234375,6556.77001953125,3407.56689453125,11.300000190734863
2017-10-27,2581.070068359375,6701.259765625,3416.81201171875,9.800000190734863
2017-10-30,2572.830078125,6698.9599609375,3390.3369140625,10.5
2017-10-31,2575.260009765625,6727.669921875,3393.342041015625,10.180000305175781
2017-11-01,2579.360107421875,6716.52978515625,3395.9130859375,10.199999809265137
2017-11-02,2579.85009765625,6714.93994140625,3383.31005859375,9.930000305175781
2017-11-03,2587.840087890625,6764.43994140625,3371.743896484375,9.140000343322754
2017-11-06,2591.1298828125,6786.43994140625,3388.174072265625,9.399999618530273
2017-11-07,2590.639892578125,6767.77978515625,3413.574951171875,9.890000343322754
2017-11-08,2594.3798828125,6789.1201171875,3415.4599609375,9.779999732971191
2017-11-09,2584.6201171875,6750.0498046875,3427.794921875,10.5
2017-11-10,2582.300048828125,6750.93994140625,3432.673095703125,11.289999961853027
2017-11-13,2584.840087890625,6757.60009765625,3447.8359375,11.5
2017-11-14,2578.8701171875,6737.8701171875,3429.548095703125,11.59000015258789
2017-11-15,2564.6201171875,6706.2099609375,3402.52490234375,13.130000114440918
2017-11-16,2585.639892578125,6793.2900390625,3399.25,11.760000228881836
2017-11-17,2578.85009765625,6782.7900390625,3382.907958984375,11.430000305175781
2017-11-20,2582.139892578125,6790.7099609375,3392.39892578125,10.649999618530273
2017-11-21,2599.030029296875,6862.47998046875,3410.498046875,9.729999542236328
2017-11-22,2597.080078125,6867.35986328125,3430.464111328125,9.880000114440918
2017-11-23,,,3352.989013671875,
2017-11-24,2602.419921875,6889.16015625,3353.821044921875,9.670000076293945
2017-11-27,2601.419921875,6878.52001953125,3322.22998046875,9.869999885559082
2017-11-28,2627.0400390625,6912.35986328125,3333.656982421875,10.029999732971191
2017-11-29,2626.070068359375,6824.39013671875,3337.862060546875,10.699999809265137
2017-11-30,2647.580078125,6873.97021484375,3317.18798828125,11.279999732971191
2017-12-01,2642.219970703125,6847.58984375,3317.616943359375,11.430000305175781
2017-12-04,2639.43994140625,6775.3701171875,3309.617919921875,11.680000305175781
2017-12-05,2629.570068359375,6762.2099609375,3303.675048828125,11.329999923706055
2017-12-06,2629.27001953125,6776.3798828125,3293.965087890625,11.020000457763672
2017-12-07,2636.97998046875,6812.83984375,3272.053955078125,10.15999984741211
2017-12-08,2651.5,6840.080078125,3289.991943359375,9.579999923706055
2017-12-11,2659.989990234375,6875.080078125,3322.196044921875,9.34000015258789
2017-12-12,2664.110107421875,6862.31982421875,3280.81396484375,9.920000076293945
2017-12-13,2662.85009765625,6875.7998046875,3303.037109375,10.180000305175781
2017-12-14,2652.010009765625,6856.52978515625,3292.43896484375,10.489999771118164
2017-12-15,2675.81005859375,6936.580078125,3266.136962890625,9.420000076293945
2017-12-18,2690.159912109375,6994.759765625,3267.922119140625,9.529999732971191
2017-12-19,2681.469970703125,6963.85009765625,3296.5380859375,10.029999732971191
2017-12-20,2679.25,6960.9599609375,3287.60595703125,9.720000267028809
2017-12-21,2684.570068359375,6965.35986328125,3300.05908203125,9.619999885559082
2017-12-22,2683.340087890625,6959.9599609375,3297.06298828125,9.899999618530273
2017-12-25,,,3280.839111328125,
2017-12-26,2680.5,6936.25,3306.125,10.25
2017-12-27,2682.6201171875,6939.33984375,3275.782958984375,10.470000267028809
2017-12-28,2687.5400390625,6950.16015625,3296.385009765625,10.180000305175781
2017-12-29,2673.610107421875,6903.39013671875,3307.172119140625,11.039999961853027
2018-01-02,2695.81005859375,7006.89990234375,3348.325927734375,9.770000457763672
2018-01-03,2713.06005859375,7065.52978515625,3369.10791015625,9.149999618530273
2018-01-04,2723.989990234375,7077.91015625,3385.7099609375,9.220000267028809
2018-01-05,2743.14990234375,7136.56005859375,3391.75,9.220000267028809
2018-01-08,2747.7099609375,7157.39013671875,3409.47998046875,9.520000457763672
2018-01-09,2751.2900390625,7163.580078125,3413.89990234375,10.079999923706055
2018-01-10,2748.22998046875,7153.56982421875,3421.833984375,9.819999694824219
2018-01-11,2767.56005859375,7211.77978515625,3425.344970703125,9.880000114440918
2018-01-12,2786.239990234375,7261.06005859375,3428.94091796875,10.15999984741211
2018-01-15,,,3410.488037109375,
2018-01-16,2776.419921875,7223.68994140625,3436.593994140625,11.65999984741211
2018-01-17,2802.56005859375,7298.27978515625,3444.6708984375,11.90999984741211
2018-01-18,2798.030029296875,7296.0498046875,3474.75390625,12.220000267028809
2018-01-19,2810.300048828125,7336.3798828125,3487.864013671875,11.270000457763672
2018-01-22,2832.969970703125,7408.02978515625,3501.362060546875,11.029999732971191
2018-01-23,2839.1298828125,7460.2900390625,3546.5048828125,11.100000381469727
2018-01-24,2837.5400390625,7415.06005859375,3559.465087890625,11.470000267028809
2018-01-25,2839.25,7411.16015625,3548.306884765625,11.579999923706055
2018-01-26,2872.8701171875,7505.77001953125,3558.12890625,11.079999923706055
2018-01-29,2853.530029296875,7466.509765625,3523.0009765625,13.84000015258789
2018-01-30,2822.429931640625,7402.47998046875,3488.009033203125,14.789999961853027
2018-01-31,2823.81005859375,7411.47998046875,3480.8330078125,13.539999961853027
2018-02-01,2821.97998046875,7385.85986328125,3446.97998046875,13.470000267028809
2018-02-02,2762.1298828125,7240.9501953125,3462.0810546875,17.309999465942383
2018-02-05,2648.93994140625,6967.52978515625,3487.4970703125,37.31999969482422
2018-02-06,2695.139892578125,7115.8798828125,3370.652099609375,29.979999542236328
2018-02-07,2681.659912109375,7051.97998046875,3309.260009765625,27.729999542236328
2018-02-08,2581.0,6777.16015625,3262.050048828125,33.459999084472656
2018-02-09,2619.550048828125,6874.490234375,3129.85107421875,29.059999465942383
2018-02-12,2656.0,6981.9599609375,3154.125,25.610000610351562
2018-02-13,2662.93994140625,7013.509765625,3184.958984375,24.969999313354492
2018-02-14,2698.6298828125,7143.6201171875,3199.158935546875,19.260000228881836
2018-02-15,2731.199951171875,7256.43017578125,,19.1299991607666
2018-02-16,2732.219970703125,7239.47021484375,,19.459999084472656
2018-02-20,2716.260009765625,7234.31005859375,,20.600000381469727
2018-02-21,2701.330078125,7218.22998046875,,20.020000457763672
2018-02-22,2703.9599609375,7210.08984375,3268.55908203125,18.719999313354492
2018-02-23,2747.300048828125,7337.39013671875,3289.02392578125,16.489999771118164
2018-02-26,2779.60009765625,7421.4599609375,3329.573974609375,15.800000190734863
2018-02-27,2744.280029296875,7330.35009765625,3292.068115234375,18.59000015258789
2018-02-28,2713.830078125,7273.009765625,3259.407958984375,19.850000381469727
2018-03-01,2677.669921875,7180.56005859375,3273.7548828125,22.469999313354492
2018-03-02,2691.25,7257.8701171875,3254.528076171875,19.59000015258789
2018-03-05,2720.93994140625,7330.7099609375,3256.926025390625,18.729999542236328
2018-03-06,2728.1201171875,7372.009765625,3289.64208984375,18.360000610351562
2018-03-07,2726.800048828125,7396.64990234375,3271.66796875,17.760000228881836
2018-03-08,2738.969970703125,7427.9501953125,3288.406005859375,16.540000915527344
2018-03-09,2786.570068359375,7560.81005859375,3307.166015625,14.640000343322754
2018-03-12,2783.02001953125,7588.31982421875,3326.698974609375,15.779999732971191
2018-03-13,2765.31005859375,7511.009765625,3310.239013671875,16.350000381469727
2018-03-14,2749.47998046875,7496.81005859375,3291.382080078125,17.229999542236328
2018-03-15,2747.330078125,7481.740234375,3291.112060546875,16.59000015258789
2018-03-16,2752.010009765625,7481.990234375,3269.882080078125,15.800000190734863
2018-03-19,2712.919921875,7344.240234375,3279.251953125,19.020000457763672
2018-03-20,2716.93994140625,7364.2998046875,3290.639892578125,18.200000762939453
2018-03-21,2711.929931640625,7345.2900390625,3280.951904296875,17.860000610351562
2018-03-22,2643.68994140625,7166.68017578125,3263.47998046875,23.34000015258789
2018-03-23,2588.260009765625,6992.669921875,3152.760986328125,24.8700008392334
2018-03-26,2658.550048828125,7220.5400390625,3133.721923828125,21.030000686645508
2018-03-27,2612.6201171875,7008.81005859375,3166.64892578125,22.5
2018-03-28,2605.0,6949.22998046875,3122.2900390625,22.8700008392334
2018-03-29,2640.8701171875,7063.4501953125,3160.531005859375,19.969999313354492
2018-03-30,,,3168.89697265625,
2018-04-02,2581.8798828125,6870.1201171875,3163.178955078125,23.6200008392334
2018-04-03,2614.449951171875,6941.27978515625,3136.633056640625,21.100000381469727
2018-04-04,2644.68994140625,7042.10986328125,3131.111083984375,20.059999465942383
2018-04-05,2662.840087890625,7076.5498046875,,18.940000534057617
2018-04-06,2604.469970703125,6915.10986328125,,21.489999771118164
2018-04-09,2613.159912109375,6950.33984375,3138.2939453125,21.770000457763672
2018-04-10,2656.8701171875,7094.2998046875,3190.322021484375,20.469999313354492
2018-04-11,2642.18994140625,7069.02978515625,3208.08203125,20.239999771118164
2018-04-12,2663.989990234375,7140.25,3180.157958984375,18.489999771118164
2018-04-13,2656.300048828125,7106.64990234375,3159.052001953125,17.40999984741211
2018-04-16,2677.840087890625,7156.27978515625,3110.64892578125,16.559999465942383
2018-04-17,2706.389892578125,7281.10009765625,3066.797119140625,15.25
2018-04-18,2708.639892578125,7295.240234375,3091.39892578125,15.600000381469727
2018-04-19,2693.1298828125,7238.06005859375,3117.3759765625,15.960000038146973
2018-04-20,2670.139892578125,7146.1298828125,3071.54296875,16.8799991607666
2018-04-23,2670.2900390625,7128.60009765625,3068.011962890625,16.34000015258789
2018-04-24,2634.56005859375,7007.35009765625,3128.927001953125,18.020000457763672
2018-04-25,2639.39990234375,7003.740234375,3117.97412109375,17.84000015258789
2018-04-26,2666.93994140625,7118.68017578125,3075.030029296875,16.239999771118164
2018-04-27,2669.909912109375,7119.7998046875,3082.23193359375,15.40999984741211
2018-04-30,2648.050048828125,7066.27001953125,,15.930000305175781
2018-05-01,2654.800048828125,7130.7001953125,,15.489999771118164
2018-05-02,2635.669921875,7100.89990234375,3081.177001953125,15.970000267028809
2018-05-03,2629.72998046875,7088.14990234375,3100.85888671875,15.899999618530273
2018-05-04,2663.419921875,7209.6201171875,3091.032958984375,14.770000457763672
2018-05-07,2672.6298828125,7265.2099609375,3136.64501953125,14.75
2018-05-08,2671.919921875,7266.89990234375,3161.498046875,14.710000038146973
2018-05-09,2697.7900390625,7339.91015625,3159.14990234375,13.420000076293945
2018-05-10,2723.070068359375,7404.97021484375,3174.4130859375,13.229999542236328
2018-05-11,2727.719970703125,7402.8798828125,3163.262939453125,12.649999618530273
2018-05-14,2730.1298828125,7411.31982421875,3174.031982421875,12.930000305175781
2018-05-15,2711.449951171875,7351.6298828125,3192.117919921875,14.630000114440918
2018-05-16,2722.4599609375,7398.2998046875,3169.56494140625,13.420000076293945
2018-05-17,2720.1298828125,7382.47021484375,3154.282958984375,13.430000305175781
2018-05-18,2712.969970703125,7354.33984375,3193.302978515625,13.420000076293945
2018-05-21,2733.010009765625,7394.0400390625,3213.840087890625,13.079999923706055
2018-05-22,2724.43994140625,7378.4599609375,3214.35009765625,13.220000267028809
2018-05-23,2733.2900390625,7425.9599609375,3168.964111328125,12.579999923706055
2018-05-24,2727.760009765625,7424.43017578125,3154.65087890625,12.529999732971191
2018-05-25,2721.330078125,7433.85009765625,3141.302978515625,13.220000267028809
2018-05-28,,,3135.08203125,
2018-05-29,2689.860107421875,7396.58984375,3120.4609375,17.020000457763672
2018-05-30,2724.010009765625,7462.4501953125,3041.443115234375,14.9399995803833
2018-05-31,2705.27001953125,7442.1201171875,3095.47412109375,15.430000305175781
2018-06-01,2734.6201171875,7554.330078125,3075.136962890625,13.460000038146973
2018-06-04,2746.8701171875,7606.4599609375,3091.19091796875,12.739999771118164
2018-06-05,2748.800048828125,7637.85986328125,3114.2060546875,12.399999618530273
2018-06-06,2772.35009765625,7689.240234375,3115.179931640625,11.640000343322754
2018-06-07,2770.3701171875,7635.06982421875,3109.4990234375,12.130000114440918
2018-06-08,2779.030029296875,7645.509765625,3067.14794921875,12.180000305175781
2018-06-11,2782.0,7659.93017578125,3052.782958984375,12.350000381469727
2018-06-12,2786.85009765625,7703.7900390625,3079.802001953125,12.34000015258789
2018-06-13,2775.6298828125,7695.7001953125,3049.797119140625,12.9399995803833
2018-06-14,2782.489990234375,7761.0400390625,3044.159912109375,12.119999885559082
2018-06-15,2779.659912109375,7746.3798828125,3021.90087890625,11.979999542236328
2018-06-18,2773.75,7747.02978515625,,12.3100004196167
2018-06-19,2762.590087890625,7725.58984375,2907.822021484375,13.350000381469727
2018-06-20,2767.320068359375,7781.509765625,2915.73095703125,12.789999961853027
2018-06-21,2749.760009765625,7712.9501953125,2875.81005859375,14.640000343322754
2018-06-22,2754.8798828125,7692.81982421875,2889.760009765625,13.770000457763672
2018-06-25,2717.070068359375,7532.009765625,2859.3359375,17.329999923706055
2018-06-26,2723.06005859375,7561.6298828125,2844.508056640625,15.920000076293945
2018-06-27,2699.6298828125,7445.080078125,2813.177978515625,17.90999984741211
2018-06-28,2716.31005859375,7503.68017578125,2786.89697265625,16.850000381469727
2018-06-29,2718.3701171875,7510.2998046875,2847.41796875,16.09000015258789
2018-07-02,2726.7099609375,7567.68994140625,2775.556884765625,15.600000381469727
2018-07-03,2713.219970703125,7502.669921875,2786.887939453125,16.139999389648438
2018-07-04,,,2759.1259765625,
2018-07-05,2736.610107421875,7586.43017578125,2733.882080078125,14.970000267028809
2018-07-06,2759.820068359375,7688.39013671875,2747.22900390625,13.369999885559082
2018-07-09,2784.169921875,7756.2001953125,2815.110107421875,12.6899995803833
2018-07-10,2793.840087890625,7759.2001953125,2827.625,12.640000343322754
2018-07-11,2774.02001953125,7716.60986328125,2777.77099609375,13.630000114440918
2018-07-12,2798.2900390625,7823.919921875,2837.658935546875,12.579999923706055
2018-07-13,2801.31005859375,7825.97998046875,2831.18408203125,12.180000305175781
2018-07-16,2798.429931640625,7805.72021484375,2814.0419921875,12.829999923706055
2018-07-17,2809.550048828125,7855.1201171875,2798.1259765625,12.0600004196167
2018-07-18,2815.6201171875,7854.43994140625,2787.257080078125,12.100000381469727
2018-07-19,2804.489990234375,7825.2998046875,2772.544921875,12.869999885559082
2018-07-20,2801.830078125,7820.2001953125,2829.27099609375,12.859999656677246
2018-07-23,2806.97998046875,7841.8701171875,2859.5419921875,12.619999885559082
2018-07-24,2820.39990234375,7840.77001953125,2905.56201171875,12.40999984741211
2018-07-25,2846.070068359375,7932.240234375,2903.64697265625,12.289999961853027
2018-07-26,2837.43994140625,7852.18017578125,2882.22509765625,12.140000343322754
2018-07-27,2818.820068359375,7737.419921875,2873.593994140625,13.029999732971191
2018-07-30,2802.60009765625,7630.0,2869.050048828125,14.260000228881836
2018-07-31,2816.2900390625,7671.7900390625,2876.40087890625,12.829999923706055
2018-08-01,2813.360107421875,7707.2900390625,2824.533935546875,13.149999618530273
2018-08-02,2827.219970703125,7802.68994140625,2768.02392578125,12.1899995803833
2018-08-03,2840.35009765625,7812.009765625,2740.443115234375,11.640000343322754
2018-08-06,2850.39990234375,7859.68017578125,2705.156982421875,11.270000457763672
2018-08-07,2858.449951171875,7883.66015625,2779.3740234375,10.930000305175781
2018-08-08,2857.699951171875,7888.330078125,2744.070068359375,10.850000381469727
2018-08-09,2853.580078125,7891.77978515625,2794.382080078125,11.270000457763672
2018-08-10,2833.280029296875,7839.10986328125,2795.31005859375,13.15999984741211
2018-08-13,2821.929931640625,7819.7099609375,2785.8720703125,14.779999732971191
2018-08-14,2839.9599609375,7870.89013671875,2780.965087890625,13.3100004196167
2018-08-15,2818.3701171875,7774.1201171875,2723.258056640625,14.640000343322754
2018-08-16,2840.68994140625,7806.52001953125,2705.19189453125,13.449999809265137
2018-08-17,2850.1298828125,7816.330078125,2668.966064453125,12.640000343322754
2018-08-20,2857.050048828125,7821.009765625,2698.466064453125,12.489999771118164
2018-08-21,2862.9599609375,7859.169921875,2733.825927734375,12.859999656677246
2018-08-22,2861.820068359375,7889.10009765625,2714.60791015625,12.25
2018-08-23,2856.97998046875,7878.4599609375,2724.6240234375,12.40999984741211
2018-08-24,2874.68994140625,7945.97998046875,2729.430908203125,11.989999771118164
2018-08-27,2896.739990234375,8017.89990234375,2780.89892578125,12.15999984741211
2018-08-28,2897.52001953125,8030.0400390625,2777.98095703125,12.5
2018-08-29,2914.0400390625,8109.68994140625,2769.294921875,12.25
2018-08-30,2901.1298828125,8088.35986328125,2737.737060546875,13.529999732971191
2018-08-31,2901.52001953125,8109.5400390625,2725.25,12.859999656677246
2018-09-03,,,2720.73388671875,
2018-09-04,2896.719970703125,8091.25,2750.580078125,13.15999984741211
2018-09-05,2888.60009765625,7995.169921875,2704.3369140625,13.90999984741211
2018-09-06,2878.050048828125,7922.72998046875,2691.593017578125,14.649999618530273
2018-09-07,2871.679931640625,7902.5400390625,2702.301025390625,14.880000114440918
2018-09-10,2877.1298828125,7924.16015625,2669.485107421875,14.15999984741211
2018-09-11,2887.889892578125,7972.47021484375,2664.800048828125,13.220000267028809
2018-09-12,2888.919921875,7954.22998046875,2656.110107421875,13.140000343322754
2018-09-13,2904.179931640625,8013.7099609375,2686.577880859375,12.369999885559082
2018-09-14,2904.97998046875,8010.0400390625,2681.64306640625,12.069999694824219
2018-09-17,2888.800048828125,7895.7900390625,2651.7890625,13.680000305175781
2018-09-18,2904.31005859375,7956.10986328125,2699.949951171875,12.789999961853027
2018-09-19,2907.949951171875,7950.0400390625,2730.85009765625,11.75
2018-09-20,2930.75,8028.22998046875,2729.243896484375,11.800000190734863
2018-09-21,2929.669921875,7986.9599609375,2797.485107421875,11.680000305175781
2018-09-24,2919.3701171875,7993.25,,12.199999809265137
2018-09-25,2915.56005859375,8007.47021484375,2781.138916015625,12.420000076293945
2018-09-26,2905.969970703125,7990.3701171875,2806.81298828125,12.890000343322754
2018-09-27,2914.0,8041.97021484375,2791.77490234375,12.40999984741211
2018-09-28,2913.97998046875,8046.35009765625,2821.35009765625,12.119999885559082
2018-10-01,2924.590087890625,8037.2998046875,,12.0
2018-10-02,2923.429931640625,7999.5498046875,,12.050000190734863
2018-10-03,2925.510009765625,8025.08984375,,11.609999656677246
2018-10-04,2901.610107421875,7879.509765625,,14.220000267028809
2018-10-05,2885.570068359375,7788.4501953125,,14.819999694824219
2018-10-08,2884.429931640625,7735.9501953125,2716.510009765625,15.6899995803833
2018-10-09,2880.340087890625,7738.02001953125,2721.012939453125,15.949999809265137
2018-10-10,2785.679931640625,7422.0498046875,2725.8369140625,22.959999084472656
2018-10-11,2728.3701171875,7329.06005859375,2583.4580078125,24.979999542236328
2018-10-12,2767.1298828125,7496.89013671875,2606.9130859375,21.309999465942383
2018-10-15,2750.7900390625,7430.740234375,2568.097900390625,21.299999237060547
2018-10-16,2809.919921875,7645.490234375,2546.330078125,17.6200008392334
2018-10-17,2809.2099609375,7642.7001953125,2561.614013671875,17.399999618530273
2018-10-18,2768.780029296875,7485.14013671875,2486.4189453125,20.059999465942383
2018-10-19,2767.780029296875,7449.02978515625,2550.465087890625,19.889999389648438
2018-10-22,2755.8798828125,7468.6298828125,2654.8759765625,19.639999389648438
2018-10-23,2740.68994140625,7437.5400390625,2594.825927734375,20.709999084472656
2018-10-24,2656.10009765625,7108.39990234375,2603.294921875,25.229999542236328
2018-10-25,2705.570068359375,7318.33984375,2603.800048828125,24.219999313354492
2018-10-26,2658.68994140625,7167.2099609375,2598.846923828125,24.15999984741211
2018-10-29,2641.25,7050.2900390625,2542.10302734375,24.700000762939453
2018-10-30,2682.6298828125,7161.64990234375,2568.048095703125,23.350000381469727
2018-10-31,2711.739990234375,7305.89990234375,2602.782958984375,21.229999542236328
2018-11-01,2740.3701171875,7434.06005859375,2606.237060546875,19.34000015258789
2018-11-02,2723.06005859375,7356.990234375,2676.47607421875,19.510000228881836
2018-11-05,2738.31005859375,7328.85009765625,2665.430908203125,19.959999084472656
2018-11-06,2755.449951171875,7375.9599609375,2659.35595703125,19.90999984741211
2018-11-07,2813.889892578125,7570.75,2641.342041015625,16.360000610351562
2018-11-08,2806.830078125,7530.8798828125,2635.632080078125,16.719999313354492
2018-11-09,2781.010009765625,7406.89990234375,2598.8720703125,17.360000610351562
2018-11-12,2726.219970703125,7200.8701171875,2630.52001953125,20.450000762939453
2018-11-13,2722.179931640625,7200.8701171875,2654.8798828125,20.020000457763672
2018-11-14,2701.580078125,7136.39013671875,2632.242919921875,21.25
2018-11-15,2730.199951171875,7259.02978515625,2668.169921875,19.979999542236328
2018-11-16,2736.27001953125,7247.8701171875,2679.110107421875,18.139999389648438
2018-11-19,2690.72998046875,7028.47998046875,2703.511962890625,20.100000381469727
2018-11-20,2641.889892578125,6908.81982421875,2645.85498046875,22.479999542236328
2018-11-21,2649.929931640625,6972.25,2651.5048828125,20.799999237060547
2018-11-22,,,2645.43408203125,
2018-11-23,2632.56005859375,6938.97998046875,2579.48291015625,21.520000457763672
2018-11-26,2673.449951171875,7081.85009765625,2575.81005859375,18.899999618530273
2018-11-27,2682.169921875,7082.7001953125,2574.678955078125,19.020000457763672
2018-11-28,2743.7900390625,7291.58984375,2601.737060546875,18.489999771118164
2018-11-29,2737.800048828125,7273.080078125,2567.443115234375,18.790000915527344
2018-11-30,2760.169921875,7330.5400390625,2588.18798828125,18.06999969482422
2018-12-03,2790.3701171875,7441.509765625,2654.798095703125,16.440000534057617
2018-12-04,2700.06005859375,7158.43017578125,2665.9580078125,20.739999771118164
2018-12-05,,,2649.804931640625,
2018-12-06,2695.949951171875,7188.259765625,2605.180908203125,21.190000534057617
2018-12-07,2633.080078125,6969.25,2605.887939453125,23.229999542236328
2018-12-10,2637.719970703125,7020.52001953125,2584.58203125,22.639999389648438
2018-12-11,2636.780029296875,7031.830078125,2594.087890625,21.760000228881836
2018-12-12,2651.070068359375,7098.31005859375,2602.153076171875,21.459999084472656
2018-12-13,2650.5400390625,7070.330078125,2634.049072265625,20.649999618530273
2018-12-14,2599.949951171875,6910.66015625,2593.740966796875,21.6299991607666
2018-12-17,2545.93994140625,6753.72998046875,2597.97412109375,24.520000457763672
2018-12-18,2546.159912109375,6783.91015625,2576.64990234375,25.579999923706055
2018-12-19,2506.9599609375,6636.830078125,2549.56298828125,25.579999923706055
2018-12-20,2467.419921875,6528.41015625,2536.26806640625,28.3799991607666
2018-12-21,2416.6201171875,6332.990234375,2516.2509765625,30.110000610351562
2018-12-24,2351.10009765625,6192.919921875,2527.007080078125,36.06999969482422
2018-12-25,,,2504.819091796875,
2018-12-26,2467.699951171875,6554.35986328125,2498.2939453125,30.40999984741211
2018-12-27,2488.830078125,6579.490234375,2483.0859375,29.959999084472656
2018-12-28,2485.739990234375,6584.52001953125,2493.89599609375,28.34000015258789
2018-12-31,2506.85009765625,6635.27978515625,,25.420000076293945
2019-01-02,2510.030029296875,6665.93994140625,2465.291015625,23.219999313354492
2019-01-03,2447.889892578125,6463.5,2464.363037109375,25.450000762939453
2019-01-04,2531.93994140625,6738.85986328125,2514.867919921875,21.3799991607666
2019-01-07,2549.68994140625,6823.47021484375,2533.089111328125,21.399999618530273
2019-01-08,2574.409912109375,6897.0,2526.4619140625,20.469999313354492
2019-01-09,2584.9599609375,6957.080078125,2544.344970703125,19.979999542236328
2019-01-10,2596.639892578125,6986.06982421875,2535.09912109375,19.5
2019-01-11,2596.260009765625,6971.47998046875,2553.8310546875,18.190000534057617
2019-01-14,2582.610107421875,6905.919921875,2535.764892578125,19.06999969482422
2019-01-15,2610.300048828125,7023.830078125,2570.344970703125,18.600000381469727
2019-01-16,2616.10009765625,7034.68994140625,2570.422119140625,19.040000915527344
2019-01-17,2635.9599609375,7084.4599609375,2559.636962890625,18.059999465942383
2019-01-18,2670.7099609375,7157.22998046875,2596.006103515625,17.799999237060547
2019-01-21,,,2610.509033203125,
2019-01-22,2632.89990234375,7020.35986328125,2579.7041015625,20.799999237060547
2019-01-23,2638.699951171875,7025.77001953125,2581.00390625,19.520000457763672
2019-01-24,2642.330078125,7073.4599609375,2591.694091796875,18.889999389648438
2019-01-25,2664.760009765625,7164.85986328125,2601.722900390625,17.420000076293945
2019-01-28,2643.85009765625,7085.68017578125,2596.97705078125,18.8700008392334
2019-01-29,2640.0,7028.2900390625,2594.25390625,19.1299991607666
2019-01-30,2681.050048828125,7183.080078125,2575.575927734375,17.65999984741211
2019-01-31,2704.10009765625,7281.740234375,2584.572021484375,16.56999969482422
2019-02-01,2706.530029296875,7263.8701171875,2618.23193359375,16.139999389648438
2019-02-04,2724.8701171875,7347.5400390625,,15.729999542236328
2019-02-05,2737.699951171875,7402.080078125,,15.569999694824219
2019-02-06,2731.610107421875,7375.27978515625,,15.380000114440918
2019-02-07,2706.050048828125,7288.35009765625,,16.3700008392334
2019-02-08,2707.8798828125,7298.2001953125,,15.720000267028809
2019-02-11,2709.800048828125,7307.89990234375,2653.89599609375,15.970000267028809
2019-02-12,2744.72998046875,7414.6201171875,2671.89404296875,15.430000305175781
2019-02-13,2753.030029296875,7420.3798828125,2721.068115234375,15.649999618530273
2019-02-14,2745.72998046875,7426.9501953125,2719.699951171875,16.219999313354492
2019-02-15,2775.60009765625,7472.41015625,2682.385009765625,14.90999984741211
2019-02-18,,,2754.35693359375,
2019-02-19,2779.760009765625,7486.77001953125,2755.64599609375,14.880000114440918
2019-02-20,2784.699951171875,7489.06982421875,2761.218994140625,14.020000457763672
2019-02-21,2774.8798828125,7459.7099609375,2751.801025390625,14.460000038146973
2019-02-22,2792.669921875,7527.5400390625,2804.22607421875,13.510000228881836
2019-02-25,2796.110107421875,7554.4599609375,2961.282958984375,14.850000381469727
2019-02-26,2793.89990234375,7549.2998046875,2941.51611328125,15.170000076293945
2019-02-27,2792.3798828125,7554.509765625,2953.823974609375,14.699999809265137
2019-02-28,2784.489990234375,7532.52978515625,2940.9541015625,14.779999732971191
2019-03-01,2803.68994140625,7595.35009765625,2994.0048828125,13.569999694824219
2019-03-04,2792.81005859375,7577.56982421875,3027.575927734375,14.630000114440918
2019-03-05,2789.64990234375,7576.35986328125,3054.2470703125,14.739999771118164
2019-03-06,2771.449951171875,7505.919921875,3102.09912109375,15.739999771118164
2019-03-07,2748.929931640625,7421.4599609375,3106.41796875,16.59000015258789
2019-03-08,2743.070068359375,7408.14013671875,2969.861083984375,16.049999237060547
2019-03-11,2783.300048828125,7558.06005859375,3026.992919921875,14.329999923706055
2019-03-12,2791.52001953125,7591.02978515625,3060.306884765625,13.770000457763672
2019-03-13,2810.919921875,7643.41015625,3026.950927734375,13.40999984741211
2019-03-14,2808.47998046875,7630.91015625,2990.68505859375,13.5
2019-03-15,2822.47998046875,7688.52978515625,3021.7509765625,12.880000114440918
2019-03-18,2832.93994140625,7714.47998046875,3096.41796875,13.100000381469727
2019-03-19,2832.570068359375,7723.9501953125,3090.97509765625,13.5600004196167
2019-03-20,2824.22998046875,7728.97021484375,3090.639892578125,13.90999984741211
2019-03-21,2854.8798828125,7838.9599609375,3101.455078125,13.630000114440918
2019-03-22,2800.7099609375,7642.669921875,3104.14892578125,16.479999542236328
2019-03-25,2798.360107421875,7637.5400390625,3043.031005859375,16.329999923706055
2019-03-26,2818.4599609375,7691.52001953125,2997.094970703125,14.680000305175781
2019-03-27,2805.3701171875,7643.3798828125,3022.719970703125,15.149999618530273
2019-03-28,2815.43994140625,7669.169921875,2994.943115234375,14.430000305175781
2019-03-29,2834.39990234375,7729.31982421875,3090.758056640625,13.710000038146973
2019-04-01,2867.18994140625,7828.91015625,3170.361083984375,13.399999618530273
2019-04-02,2867.239990234375,7848.68994140625,3176.822998046875,13.359999656677246
2019-04-03,2873.39990234375,7895.5498046875,3216.294921875,13.739999771118164
2019-04-04,2879.389892578125,7891.77978515625,3246.571044921875,13.579999923706055
2019-04-05,2892.739990234375,7938.68994140625,,12.819999694824219
2019-04-08,2895.77001953125,7953.8798828125,3244.81005859375,13.180000305175781
2019-04-09,2878.199951171875,7909.27978515625,3239.6640625,14.279999732971191
2019-04-10,2888.2099609375,7964.240234375,3241.929931640625,13.300000190734863
2019-04-11,2888.320068359375,7947.35986328125,3189.9619140625,13.020000457763672
2019-04-12,2907.409912109375,7984.16015625,3188.6259765625,12.010000228881836
2019-04-15,2905.580078125,7976.009765625,3177.787109375,12.319999694824219
2019-04-16,2907.06005859375,8000.22998046875,3253.597900390625,12.180000305175781
2019-04-17,2900.449951171875,7996.080078125,3263.117919921875,12.600000381469727
2019-04-18,2905.030029296875,7998.06005859375,3250.200927734375,12.09000015258789
2019-04-19,,,3270.797119140625,
2019-04-22,2907.969970703125,8015.27001953125,3215.04296875,12.420000076293945
2019-04-23,2933.679931640625,8120.81982421875,3198.593994140625,12.279999732971191
2019-04-24,2927.25,8102.009765625,3201.614013671875,13.140000343322754
2019-04-25,2926.169921875,8118.68017578125,3123.825927734375,13.25
2019-04-26,2939.8798828125,8146.39990234375,3086.39892578125,12.729999542236328
2019-04-29,2943.030029296875,8161.85009765625,,13.109999656677246
2019-04-30,2945.830078125,8095.39013671875,,13.119999885559082
2019-05-01,2923.72998046875,8049.64013671875,,14.800000190734863
2019-05-02,2917.52001953125,8036.77001953125,,14.420000076293945
2019-05-03,2945.639892578125,8164.0,,12.869999885559082
2019-05-06,2932.469970703125,8123.2900390625,2906.464111328125,15.4399995803833
2019-05-07,2884.050048828125,7963.759765625,2926.39111328125,19.31999969482422
2019-05-08,2879.419921875,7943.31982421875,2893.757080078125,19.399999618530273
2019-05-09,2870.719970703125,7910.58984375,2850.9541015625,19.100000381469727
2019-05-10,2881.39990234375,7916.93994140625,2939.2109375,16.040000915527344
2019-05-13,2811.8701171875,7647.02001953125,2903.712890625,20.549999237060547
2019-05-14,2834.409912109375,7734.490234375,2883.611083984375,18.059999465942383
2019-05-15,2850.9599609375,7822.14990234375,2938.677978515625,16.440000534057617
2019-05-16,2876.320068359375,7898.0498046875,2955.7109375,15.289999961853027
2019-05-17,2859.530029296875,7816.27978515625,2882.2958984375,15.960000038146973
2019-05-20,2840.22998046875,7702.3798828125,2870.60498046875,16.309999465942383
2019-05-21,2864.360107421875,7785.72021484375,2905.968994140625,14.949999809265137
2019-05-22,2856.27001953125,7750.83984375,2891.705078125,14.75
2019-05-23,2822.239990234375,7628.27978515625,2852.514892578125,16.920000076293945
2019-05-24,2826.06005859375,7637.009765625,2852.9951171875,15.850000381469727
2019-05-27,,,2892.3779296875,
2019-05-28,2802.389892578125,7607.35009765625,2909.910888671875,17.5
2019-05-29,2783.02001953125,7547.31005859375,2914.696044921875,17.899999618530273
2019-05-30,2788.860107421875,7567.72021484375,2905.804931640625,17.299999237060547
2019-05-31,2752.06005859375,7453.14990234375,2898.696044921875,18.709999084472656
2019-06-03,2744.449951171875,7333.02001953125,2890.0810546875,18.860000610351562
2019-06-04,2803.27001953125,7527.1201171875,2862.280029296875,16.969999313354492
2019-06-05,2826.14990234375,7575.47998046875,2861.41796875,16.09000015258789
2019-06-06,2843.489990234375,7615.5498046875,2827.798095703125,15.930000305175781
2019-06-07,2873.340087890625,7742.10009765625,,16.299999237060547
2019-06-10,2886.72998046875,7823.169921875,2852.1298828125,15.9399995803833
2019-06-11,2885.719970703125,7822.56982421875,2925.716064453125,15.989999771118164
2019-06-12,2879.840087890625,7792.72021484375,2909.3798828125,15.90999984741211
2019-06-13,2891.639892578125,7837.1298828125,2910.740966796875,15.819999694824219
2019-06-14,2886.97998046875,7796.66015625,2881.97412109375,15.279999732971191
2019-06-17,2889.669921875,7845.02001953125,2887.6220703125,15.350000381469727
2019-06-18,2917.75,7953.8798828125,2890.157958984375,15.149999618530273
2019-06-19,2926.4599609375,7987.31982421875,2917.802978515625,14.329999923706055
2019-06-20,2954.179931640625,8051.33984375,2987.118896484375,14.75
2019-06-21,2950.4599609375,8031.7099609375,3001.97998046875,15.399999618530273
2019-06-24,2945.35009765625,8005.7001953125,3008.14794921875,15.260000228881836
2019-06-25,2917.3798828125,7884.72021484375,2982.073974609375,16.280000686645508
2019-06-26,2913.780029296875,7909.97021484375,2976.283935546875,16.209999084472656
2019-06-27,2924.919921875,7967.759765625,2996.79296875,15.819999694824219
2019-06-28,2941.760009765625,8006.240234375,2978.8779296875,15.079999923706055
2019-07-01,2964.330078125,8091.16015625,3044.903076171875,14.0600004196167
2019-07-02,2973.010009765625,8109.08984375,3043.943115234375,12.930000305175781
2019-07-03,2995.820068359375,8170.22998046875,3015.262939453125,12.569999694824219
2019-07-04,,,3005.2490234375,
2019-07-05,2990.409912109375,8161.7900390625,3011.05908203125,13.279999732971191
2019-07-08,2975.949951171875,8098.3798828125,2933.363037109375,13.960000038146973
2019-07-09,2979.6298828125,8141.72998046875,2928.22998046875,14.09000015258789
2019-07-10,2993.070068359375,8202.5302734375,2915.302001953125,13.029999732971191
2019-07-11,2999.909912109375,8196.0400390625,2917.760986328125,12.930000305175781
2019-07-12,3013.77001953125,8244.1396484375,2930.550048828125,12.390000343322754
2019-07-15,3014.300048828125,8258.1904296875,2942.18994140625,12.680000305175781
2019-07-16,3004.0400390625,8222.7998046875,2937.6201171875,12.859999656677246
2019-07-17,2984.419921875,8185.2099609375,2931.68994140625,13.970000267028809
2019-07-18,2995.110107421875,8207.240234375,2901.179931640625,13.529999732971191
2019-07-19,2976.610107421875,8146.490234375,2924.199951171875,14.449999809265137
2019-07-22,2985.030029296875,8204.1396484375,2886.97412109375,13.529999732971191
2019-07-23,3005.469970703125,8251.400390625,2899.93994140625,12.609999656677246
2019-07-24,3019.56005859375,8321.5,2923.280029296875,12.069999694824219
2019-07-25,3003.669921875,8238.5400390625,2937.360107421875,12.739999771118164
2019-07-26,3025.860107421875,8330.2099609375,2944.5400390625,12.15999984741211
2019-07-29,3020.969970703125,8293.330078125,2941.010009765625,12.829999923706055
2019-07-30,3013.179931640625,8273.6103515625,2952.340087890625,13.9399995803833
2019-07-31,2980.3798828125,8175.419921875,2932.510009765625,16.1200008392334
2019-08-01,2953.56005859375,8111.1201171875,2908.77001953125,17.8700008392334
2019-08-02,2932.050048828125,8004.06982421875,2867.840087890625,17.610000610351562
2019-08-05,2844.739990234375,7726.0400390625,2821.5,24.59000015258789
2019-08-06,2881.77001953125,7833.27001953125,2777.555908203125,20.170000076293945
2019-08-07,2883.97998046875,7862.830078125,2768.679931640625,19.489999771118164
2019-08-08,2938.090087890625,8039.16015625,2794.552001953125,16.90999984741211
2019-08-09,2918.64990234375,7959.14013671875,2774.75,17.969999313354492
2019-08-12,2882.699951171875,7863.41015625,2814.989990234375,21.09000015258789
2019-08-13,2926.320068359375,8016.35986328125,2797.260009765625,17.520000457763672
2019-08-14,2840.60009765625,7773.93994140625,2808.909912109375,22.100000381469727
2019-08-15,2847.60009765625,7766.6201171875,2815.800048828125,21.18000030517578
2019-08-16,2888.679931640625,7895.990234375,2823.820068359375,18.469999313354492
2019-08-19,2923.64990234375,8002.81005859375,2883.10009765625,16.8799991607666
2019-08-20,2900.510009765625,7948.56005859375,2880.0,17.5
2019-08-21,2924.429931640625,8020.2099609375,2880.330078125,15.800000190734863
2019-08-22,2922.949951171875,7991.39013671875,2883.43994140625,16.68000030517578
2019-08-23,2847.110107421875,7751.77001953125,2897.429931640625,19.8700008392334
2019-08-26,2878.3798828125,7853.740234375,2863.570068359375,19.31999969482422
2019-08-27,2869.159912109375,7826.9501953125,2902.18994140625,20.309999465942383
2019-08-28,2887.93994140625,7856.8798828125,2893.760009765625,19.350000381469727
2019-08-29,2924.580078125,7973.39013671875,2890.919921875,17.8799991607666
2019-08-30,2926.4599609375,7962.8798828125,2886.239990234375,18.979999542236328
2019-09-02,,,2924.10595703125,
2019-09-03,2906.27001953125,7874.16015625,2930.14990234375,19.65999984741211
2019-09-04,2937.780029296875,7976.8798828125,2957.409912109375,17.329999923706055
2019-09-05,2976.0,8116.830078125,2985.860107421875,16.270000457763672
2019-09-06,2978.7099609375,8103.06982421875,2999.60009765625,15.0
2019-09-09,2978.429931640625,8087.43994140625,3024.739990234375,15.270000457763672
2019-09-10,2979.389892578125,8084.16015625,3021.199951171875,15.199999809265137
2019-09-11,3000.929931640625,8169.68017578125,3008.81005859375,14.609999656677246
2019-09-12,3009.570068359375,8194.4697265625,3031.239990234375,14.220000267028809
2019-09-13,3007.389892578125,8176.7099609375,,13.739999771118164
2019-09-16,2997.9599609375,8153.5400390625,3030.75,14.670000076293945
2019-09-17,3005.699951171875,8186.02001953125,2978.1201171875,14.4399995803833
2019-09-18,3006.72998046875,8177.39013671875,2985.659912109375,13.949999809265137
2019-09-19,3006.7900390625,8182.8798828125,2999.280029296875,14.050000190734863
2019-09-20,2992.070068359375,8117.669921875,3006.449951171875,15.319999694824219
2019-09-23,2991.780029296875,8112.4599609375,2977.080078125,14.90999984741211
2019-09-24,2966.60009765625,7993.6298828125,2985.340087890625,17.049999237060547
2019-09-25,2984.8701171875,8077.3798828125,2955.429931640625,15.960000038146973
2019-09-26,2977.6201171875,8030.66015625,2929.090087890625,16.06999969482422
2019-09-27,2961.7900390625,7939.6298828125,2932.169921875,17.219999313354492
2019-09-30,2976.739990234375,7999.33984375,2905.18994140625,16.239999771118164
2019-10-01,2940.25,7908.68017578125,,18.559999465942383
2019-10-02,2887.610107421875,7785.25,,20.559999465942383
2019-10-03,2910.6298828125,7872.259765625,,19.1200008392334
2019-10-04,2952.010009765625,7982.47021484375,,17.040000915527344
2019-10-07,2938.7900390625,7956.2900390625,,17.860000610351562
2019-10-08,2893.06005859375,7823.77978515625,2913.570068359375,20.280000686645508
2019-10-09,2919.39990234375,7903.740234375,2924.860107421875,18.639999389648438
2019-10-10,2938.1298828125,7950.77978515625,2947.7099609375,17.56999969482422
2019-10-11,2970.27001953125,8057.0400390625,2973.659912109375,15.579999923706055
2019-10-14,2966.14990234375,8048.64990234375,3007.8798828125,14.569999694824219
2019-10-15,2995.679931640625,8148.7099609375,2991.050048828125,13.539999961853027
2019-10-16,2989.68994140625,8124.18017578125,2978.7099609375,13.680000305175781
2019-10-17,2997.949951171875,8156.85009765625,2977.330078125,13.789999961853027
2019-10-18,2986.199951171875,8089.5400390625,2938.139892578125,14.25
2019-10-21,3006.719970703125,8162.990234375,2939.6201171875,14.0
2019-10-22,2995.989990234375,8104.2998046875,2954.3798828125,14.460000038146973
2019-10-23,3004.52001953125,8119.7900390625,2941.6201171875,14.010000228881836
2019-10-24,3010.2900390625,8185.7998046875,2940.919921875,13.710000038146973
2019-10-25,3022.550048828125,8243.1201171875,2954.929931640625,12.649999618530273
2019-10-28,3039.419921875,8325.990234375,2980.050048828125,13.109999656677246
2019-10-29,3036.889892578125,8276.849609375,2954.179931640625,13.199999809265137
2019-10-30,3046.77001953125,8303.98046875,2939.320068359375,12.329999923706055
2019-10-31,3037.56005859375,8292.3603515625,2929.06005859375,13.220000267028809
2019-11-01,3066.909912109375,8386.400390625,2958.199951171875,12.300000190734863
2019-11-04,3078.27001953125,8433.2001953125,2975.489990234375,12.829999923706055
2019-11-05,3074.6201171875,8434.6796875,2991.56005859375,13.100000381469727
2019-11-06,3076.780029296875,8410.6298828125,2978.60009765625,12.619999885559082
2019-11-07,3085.179931640625,8434.51953125,2978.7099609375,12.729999542236328
2019-11-08,3093.080078125,8475.3095703125,2964.179931640625,12.069999694824219
2019-11-11,3087.010009765625,8464.2802734375,2909.969970703125,12.6899995803833
2019-11-12,3091.840087890625,8486.08984375,2914.820068359375,12.680000305175781
2019-11-13,3094.0400390625,8482.099609375,2905.239990234375,13.0
2019-11-14,3096.6298828125,8479.01953125,2909.8701171875,13.050000190734863
2019-11-15,3120.4599609375,8540.830078125,2891.340087890625,12.050000190734863
2019-11-18,3122.030029296875,8549.9404296875,2909.199951171875,12.460000038146973
2019-11-19,3120.179931640625,8570.66015625,2933.989990234375,12.859999656677246
2019-11-20,3108.4599609375,8526.73046875,2911.050048828125,12.779999732971191
2019-11-21,3103.5400390625,8506.2099609375,2903.639892578125,13.130000114440918
2019-11-22,3110.2900390625,8519.8798828125,2885.2900390625,12.34000015258789
2019-11-25,3133.639892578125,8632.490234375,2906.169921875,11.869999885559082
2019-11-26,3140.52001953125,8647.9296875,2907.06005859375,11.539999961853027
2019-11-27,3153.6298828125,8705.1796875,2903.18994140625,11.75
2019-11-28,,,2889.693115234375,
2019-11-29,3140.97998046875,8665.4697265625,2871.97998046875,12.619999885559082
2019-12-02,3113.8701171875,8567.990234375,2875.81005859375,14.90999984741211
2019-12-03,3093.199951171875,8520.6396484375,2884.699951171875,15.960000038146973
2019-12-04,3112.760009765625,8566.669921875,2878.115966796875,14.800000190734863
2019-12-05,3117.429931640625,8570.7001953125,2899.468994140625,14.520000457763672
2019-12-06,3145.909912109375,8656.5302734375,2912.013916015625,13.619999885559082
2019-12-09,3135.9599609375,8621.830078125,2914.47802734375,15.859999656677246
2019-12-10,3132.52001953125,8616.1796875,2917.31591796875,15.680000305175781
2019-12-11,3141.6298828125,8654.0498046875,2924.4169921875,14.989999771118164
2019-12-12,3168.570068359375,8717.3203125,2915.697998046875,13.9399995803833
2019-12-13,3168.800048828125,8734.8798828125,2967.676025390625,12.630000114440918
2019-12-16,3191.449951171875,8814.23046875,2984.39306640625,12.140000343322754
2019-12-17,3192.52001953125,8823.3603515625,3022.422119140625,12.289999961853027
2019-12-18,3191.139892578125,8827.740234375,3017.0439453125,12.579999923706055
2019-12-19,3205.3701171875,8887.2197265625,3017.06591796875,12.5
2019-12-20,3221.219970703125,8924.9599609375,3004.93798828125,12.510000228881836
2019-12-23,3224.010009765625,8945.650390625,2962.7509765625,12.609999656677246
2019-12-24,3223.3798828125,8952.8798828125,2982.680908203125,12.670000076293945
2019-12-25,,,2981.881103515625,
2019-12-26,3239.909912109375,9022.3896484375,3007.35498046875,12.649999618530273
2019-12-27,3240.02001953125,9006.6201171875,3005.035888671875,13.430000305175781
2019-12-30,3221.2900390625,8945.990234375,3040.02392578125,14.819999694824219
2019-12-31,3230.780029296875,8972.599609375,3050.1240234375,13.779999732971191
2020-01-02,3257.85009765625,9092.1904296875,3085.197998046875,12.470000267028809
2020-01-03,3234.85009765625,9020.76953125,3083.785888671875,14.020000457763672
2020-01-06,3246.280029296875,9071.4697265625,3083.407958984375,13.850000381469727
2020-01-07,3237.179931640625,9068.580078125,3104.802001953125,13.789999961853027
2020-01-08,3253.050048828125,9129.240234375,3066.89306640625,13.449999809265137
2020-01-09,3274.699951171875,9203.4296875,3094.882080078125,12.539999961853027
2020-01-10,3265.35009765625,9178.8603515625,3092.291015625,12.5600004196167
2020-01-13,3288.1298828125,9273.9296875,3115.570068359375,12.319999694824219
2020-01-14,3283.14990234375,9251.330078125,3106.820068359375,12.390000343322754
2020-01-15,3289.2900390625,9258.7001953125,3090.0400390625,12.420000076293945
2020-01-16,3316.81005859375,9357.1298828125,3074.0810546875,12.319999694824219
2020-01-17,3329.6201171875,9388.9404296875,3075.49609375,12.100000381469727
2020-01-20,,,3095.787109375,
2020-01-21,3320.7900390625,9370.8095703125,3052.139892578125,12.850000381469727
2020-01-22,3321.75,9383.76953125,3060.7548828125,12.90999984741211
2020-01-23,3325.5400390625,9402.48046875,2976.528076171875,12.979999542236328
2020-01-24,3295.469970703125,9314.91015625,,14.5600004196167
2020-01-27,3243.6298828125,9139.3095703125,,18.229999542236328
2020-01-28,3276.239990234375,9269.6796875,,16.280000686645508
2020-01-29,3273.39990234375,9275.16015625,,16.389999389648438
2020-01-30,3283.659912109375,9298.9296875,,15.489999771118164
2020-01-31,3225.52001953125,9150.9404296875,,18.84000015258789
2020-02-03,3248.919921875,9273.400390625,2746.60595703125,17.969999313354492
2020-02-04,3297.590087890625,9467.9697265625,2783.2880859375,16.049999237060547
2020-02-05,3334.68994140625,9508.6796875,2818.087890625,15.149999618530273
2020-02-06,3345.780029296875,9572.150390625,2866.510009765625,14.960000038146973
2020-02-07,3327.7099609375,9520.509765625,2875.9599609375,15.470000267028809
2020-02-10,3352.090087890625,9628.3896484375,2890.488037109375,15.039999961853027
2020-02-11,3357.75,9638.9404296875,2901.669921875,15.180000305175781
2020-02-12,3379.449951171875,9725.9599609375,2926.89892578125,13.739999771118164
2020-02-13,3373.93994140625,9711.9697265625,2906.073974609375,14.149999618530273
2020-02-14,3380.159912109375,9731.1796875,2917.008056640625,13.680000305175781
2020-02-17,,,2983.6220703125,
2020-02-18,3370.2900390625,9732.740234375,2984.971923828125,14.829999923706055
2020-02-19,3386.14990234375,9817.1796875,2975.402099609375,14.380000114440918
2020-02-20,3373.22998046875,9750.9697265625,3030.154052734375,15.5600004196167
2020-02-21,3337.75,9576.58984375,3039.6689453125,17.079999923706055
2020-02-24,3225.889892578125,9221.2802734375,3031.23291015625,25.030000686645508
2020-02-25,3128.2099609375,8965.6103515625,3013.050048828125,27.850000381469727
2020-02-26,3116.389892578125,8980.7802734375,2987.928955078125,27.559999465942383
2020-02-27,2978.760009765625,8566.48046875,2991.330078125,39.15999984741211
2020-02-28,2954.219970703125,8567.3701171875,2880.303955078125,40.11000061035156
2020-03-02,3090.22998046875,8952.169921875,2970.930908203125,33.41999816894531
2020-03-03,3003.3701171875,8684.08984375,2992.89697265625,36.81999969482422
2020-03-04,3130.1201171875,9018.08984375,3011.666015625,31.989999771118164
2020-03-05,3023.93994140625,8738.58984375,3071.677001953125,39.619998931884766
2020-03-06,2972.3701171875,8575.6201171875,3034.510986328125,41.939998626708984
2020-03-09,2746.56005859375,7950.68017578125,2943.291015625,54.459999084472656
2020-03-10,2882.22998046875,8344.25,2996.761962890625,47.29999923706055
2020-03-11,2741.3798828125,7952.0498046875,2968.51708984375,53.900001525878906
2020-03-12,2480.639892578125,7201.7998046875,2923.486083984375,75.47000122070312
2020-03-13,2711.02001953125,7874.8798828125,2887.427001953125,57.83000183105469
2020-03-16,2386.1298828125,6904.58984375,2789.25390625,82.69000244140625
2020-03-17,2529.18994140625,7334.77978515625,2779.64111328125,75.91000366210938
2020-03-18,2398.10009765625,6989.83984375,2728.756103515625,76.44999694824219
2020-03-19,2409.389892578125,7150.580078125,2702.1298828125,72.0
2020-03-20,2304.919921875,6879.52001953125,2745.617919921875,66.04000091552734
2020-03-23,2237.39990234375,6860.669921875,2660.169921875,61.59000015258789
2020-03-24,2447.330078125,7417.85986328125,2722.43798828125,61.66999816894531
2020-03-25,2475.56005859375,7384.2998046875,2781.591064453125,63.95000076293945
2020-03-26,2630.070068359375,7797.5400390625,2764.910888671875,61.0
2020-03-27,2541.469970703125,7502.3798828125,2772.202880859375,65.54000091552734
2020-03-30,2626.64990234375,7774.14990234375,2747.214111328125,57.08000183105469
2020-03-31,2584.590087890625,7700.10009765625,2750.2958984375,53.540000915527344
2020-04-01,2470.5,7360.580078125,2734.52197265625,57.060001373291016
2020-04-02,2526.89990234375,7487.31005859375,2780.637939453125,50.90999984741211
2020-04-03,2488.64990234375,7373.080078125,2763.987060546875,46.79999923706055
2020-04-06,2663.679931640625,7913.240234375,,45.2400016784668
2020-04-07,2659.409912109375,7887.259765625,2820.762939453125,46.70000076293945
2020-04-08,2749.97998046875,8090.89990234375,2815.368896484375,43.349998474121094
2020-04-09,2789.820068359375,8153.580078125,2825.904052734375,41.66999816894531
2020-04-10,,,2796.631103515625,
2020-04-13,2761.6298828125,8192.419921875,2783.048095703125,41.16999816894531
2020-04-14,2846.06005859375,8515.740234375,2827.282958984375,37.7599983215332
2020-04-15,2783.360107421875,8393.1796875,2811.174072265625,40.84000015258789
2020-04-16,2799.550048828125,8532.3603515625,2819.93505859375,40.11000061035156
2020-04-17,2874.56005859375,8650.1396484375,2838.4951171875,38.150001525878906
2020-04-20,2823.159912109375,8560.73046875,2852.552978515625,43.83000183105469
2020-04-21,2736.56005859375,8263.23046875,2827.012939453125,45.40999984741211
2020-04-22,2799.31005859375,8495.3798828125,2843.97998046875,41.97999954223633
2020-04-23,2797.800048828125,8494.75,2838.4990234375,41.380001068115234
2020-04-24,2836.739990234375,8634.51953125,2808.529052734375,35.93000030517578
2020-04-27,2878.47998046875,8730.16015625,2815.4951171875,33.290000915527344
2020-04-28,2863.389892578125,8607.73046875,2810.02392578125,33.56999969482422
2020-04-29,2939.510009765625,8914.7099609375,2822.44189453125,31.229999542236328
2020-04-30,2912.429931640625,8889.5498046875,2860.08203125,34.150001525878906
2020-05-01,2830.7099609375,8604.9501953125,,37.189998626708984
2020-05-04,2842.739990234375,8710.7099609375,,35.970001220703125
2020-05-05,2868.43994140625,8809.1201171875,,33.61000061035156
2020-05-06,2848.419921875,8854.3896484375,2878.139892578125,34.119998931884766
2020-05-07,2881.18994140625,8979.66015625,2871.52294921875,31.440000534057617
2020-05-08,2929.800048828125,9121.3203125,2895.340087890625,27.979999542236328
2020-05-11,2930.18994140625,9192.33984375,2894.800048828125,27.56999969482422
2020-05-12,2870.1201171875,9002.5498046875,2891.555908203125,33.040000915527344
2020-05-13,2820.0,8863.169921875,2898.050048828125,35.279998779296875
2020-05-14,2852.5,8943.7197265625,2870.342041015625,32.61000061035156
2020-05-15,2863.699951171875,9014.5595703125,2868.458984375,31.889999389648438
2020-05-18,2953.909912109375,9234.830078125,2875.41796875,29.299999237060547
2020-05-19,2922.93994140625,9185.099609375,2898.575927734375,30.530000686645508
2020-05-20,2971.610107421875,9375.7802734375,2883.738037109375,27.989999771118164
2020-05-21,2948.510009765625,9284.8798828125,2867.924072265625,29.530000686645508
2020-05-22,2955.449951171875,9324.58984375,2813.764892578125,28.15999984741211
2020-05-25,,,2817.969970703125,
2020-05-26,2991.77001953125,9340.2197265625,2846.547119140625,28.010000228881836
2020-05-27,3036.1298828125,9412.3603515625,2836.803955078125,27.6200008392334
2020-05-28,3029.72998046875,9368.990234375,2846.221923828125,28.59000015258789
2020-05-29,3044.31005859375,9489.8701171875,2852.35107421875,27.510000228881836
2020-06-01,3055.72998046875,9552.0498046875,2915.430908203125,28.229999542236328
2020-06-02,3080.820068359375,9608.3798828125,2921.39794921875,26.84000015258789
2020-06-03,3122.8701171875,9682.91015625,2923.37109375,25.65999984741211
2020-06-04,3112.35009765625,9615.8095703125,2919.2509765625,25.809999465942383
2020-06-05,3193.929931640625,9814.080078125,2930.799072265625,24.520000457763672
2020-06-08,3232.389892578125,9924.75,2937.77099609375,25.809999465942383
2020-06-09,3207.179931640625,9953.75,2956.112060546875,27.56999969482422
2020-06-10,3190.139892578125,10020.349609375,2943.7529296875,27.56999969482422
2020-06-11,3002.10009765625,9492.73046875,2920.89697265625,40.790000915527344
2020-06-12,3041.31005859375,9588.8095703125,2919.740966796875,36.09000015258789
2020-06-15,3066.590087890625,9726.01953125,2890.030029296875,34.400001525878906
2020-06-16,3124.739990234375,9895.8701171875,2931.75,33.66999816894531
2020-06-17,3113.489990234375,9910.5302734375,2935.8701171875,33.470001220703125
2020-06-18,3115.340087890625,9943.0498046875,2939.320068359375,32.939998626708984
2020-06-19,3097.739990234375,9946.1201171875,2967.6298828125,35.119998931884766
2020-06-22,3117.860107421875,10056.48046875,2965.27197265625,31.770000457763672
2020-06-23,3131.2900390625,10131.3701171875,2970.6201171875,31.3700008392334
2020-06-24,3050.330078125,9909.169921875,2979.551025390625,33.84000015258789
2020-06-25,3083.760009765625,10017.0,,32.220001220703125
2020-06-26,3009.050048828125,9757.2197265625,,34.72999954223633
2020-06-29,3053.239990234375,9874.150390625,2961.51611328125,31.780000686645508
2020-06-30,3100.2900390625,10058.76953125,2984.674072265625,30.43000030517578
2020-07-01,3115.860107421875,10154.6298828125,3025.98095703125,28.6200008392334
2020-07-02,3130.010009765625,10207.6298828125,3090.569091796875,27.68000030517578
2020-07-03,,,3152.81298828125,
2020-07-06,3179.719970703125,10433.650390625,3332.881103515625,27.940000534057617
2020-07-07,3145.320068359375,10343.8896484375,3345.3369140625,29.43000030517578
2020-07-08,3169.93994140625,10492.5,3403.43994140625,28.079999923706055
2020-07-09,3152.050048828125,10547.75,3450.593994140625,29.260000228881836
2020-07-10,3185.0400390625,10617.4404296875,3383.322021484375,27.290000915527344
2020-07-13,3155.219970703125,10390.83984375,3443.285888671875,32.189998626708984
2020-07-14,3197.52001953125,10488.580078125,3414.618896484375,29.520000457763672
2020-07-15,3226.56005859375,10550.490234375,3361.303955078125,27.760000228881836
2020-07-16,3215.570068359375,10473.830078125,3210.09912109375,28.0
2020-07-17,3224.72998046875,10503.1904296875,3214.12890625,25.68000030517578
2020-07-20,3251.840087890625,10767.08984375,3314.14892578125,24.459999084472656
2020-07-21,3257.300048828125,10680.3603515625,3320.89501953125,24.84000015258789
2020-07-22,3276.02001953125,10706.1298828125,3333.1640625,24.31999969482422
2020-07-23,3235.659912109375,10461.419921875,3325.110107421875,26.079999923706055
2020-07-24,3215.6298828125,10363.1796875,3196.76806640625,25.84000015258789
2020-07-27,3239.409912109375,10536.26953125,3205.22705078125,24.739999771118164
2020-07-28,3218.43994140625,10402.08984375,3227.9599609375,25.440000534057617
2020-07-29,3258.43994140625,10542.9404296875,3294.552001953125,24.100000381469727
2020-07-30,3246.219970703125,10587.8095703125,3286.822021484375,24.760000228881836
2020-07-31,3271.1201171875,10745.26953125,3310.007080078125,24.459999084472656
2020-08-03,3294.610107421875,10902.7998046875,3367.966064453125,24.280000686645508
2020-08-04,3306.510009765625,10941.169921875,3371.68994140625,23.760000228881836
2020-08-05,3327.77001953125,10998.400390625,3377.56005859375,22.989999771118164
2020-08-06,3349.159912109375,11108.0703125,3386.4599609375,22.649999618530273
2020-08-07,3351.280029296875,11010.98046875,3354.034912109375,22.209999084472656
2020-08-10,3360.469970703125,10968.3603515625,3379.251953125,22.1299991607666
2020-08-11,3333.68994140625,10782.8203125,3340.2900390625,24.030000686645508
2020-08-12,3380.35009765625,11012.240234375,3319.26611328125,22.280000686645508
2020-08-13,3373.429931640625,11042.5,3320.72607421875,22.1299991607666
2020-08-14,3372.85009765625,11019.2998046875,3360.09912109375,22.049999237060547
2020-08-17,3381.989990234375,11129.73046875,3438.801025390625,21.350000381469727
2020-08-18,3389.780029296875,11210.83984375,3451.089111328125,21.510000228881836
2020-08-19,3374.85009765625,11146.4599609375,3408.12890625,22.540000915527344
2020-08-20,3385.510009765625,11264.9501953125,3363.89892578125,22.719999313354492
2020-08-21,3397.159912109375,11311.7998046875,3380.68310546875,22.540000915527344
2020-08-24,3431.280029296875,11379.7197265625,3385.637939453125,22.3700008392334
2020-08-25,3443.6201171875,11466.4697265625,3373.577880859375,22.030000686645508
2020-08-26,3478.72998046875,11665.0595703125,3329.739013671875,23.270000457763672
2020-08-27,3484.550048828125,11625.33984375,3350.110107421875,24.469999313354492
2020-08-28,3508.010009765625,11695.6298828125,3403.806884765625,22.959999084472656
2020-08-31,3500.31005859375,11775.4599609375,3395.677978515625,26.40999984741211
2020-09-01,3526.64990234375,11939.669921875,3410.60693359375,26.1200008392334
2020-09-02,3580.840087890625,12056.4404296875,3404.802001953125,26.56999969482422
2020-09-03,3455.06005859375,11458.099609375,3384.98095703125,33.599998474121094
2020-09-04,3426.9599609375,11313.1298828125,3355.366943359375,30.75
2020-09-07,,,3292.591064453125,
2020-09-08,3331.840087890625,10847.6904296875,3316.4169921875,31.459999084472656
2020-09-09,3398.9599609375,11141.5595703125,3254.6279296875,28.809999465942383
2020-09-10,3339.18994140625,10919.58984375,3234.822998046875,29.709999084472656
2020-09-11,3340.969970703125,10853.5498046875,3260.345947265625,26.8700008392334
2020-09-14,3383.5400390625,11056.650390625,3278.81396484375,25.850000381469727
2020-09-15,3401.199951171875,11190.3203125,3295.679931640625,25.59000015258789
2020-09-16,3385.489990234375,11050.4697265625,3283.924072265625,26.040000915527344
2020-09-17,3357.010009765625,10910.2802734375,3270.43505859375,26.459999084472656
2020-09-18,3319.469970703125,10793.2802734375,3338.090087890625,25.829999923706055
2020-09-21,3281.06005859375,10778.7998046875,3316.93505859375,27.780000686645508
2020-09-22,3315.570068359375,10963.6396484375,3274.302001953125,26.860000610351562
2020-09-23,3236.919921875,10632.990234375,3279.7109375,28.579999923706055
2020-09-24,3246.590087890625,10672.26953125,3223.176025390625,28.510000228881836
2020-09-25,3298.4599609375,10913.5595703125,3219.41796875,26.3799991607666
2020-09-28,3351.60009765625,11117.5302734375,3217.534912109375,26.190000534057617
2020-09-29,3335.469970703125,11085.25,3224.35888671875,26.270000457763672
2020-09-30,3363.0,11167.509765625,3218.052001953125,26.3700008392334
2020-10-01,3380.800048828125,11326.509765625,,26.700000762939453
2020-10-02,3348.419921875,11075.01953125,,27.6299991607666
2020-10-05,3408.60009765625,11332.490234375,,27.959999084472656
2020-10-06,3360.969970703125,11154.599609375,,29.479999542236328
2020-10-07,3419.43994140625,11364.599609375,,28.059999465942383
2020-10-08,3446.830078125,11420.98046875,,26.360000610351562
2020-10-09,3477.139892578125,11579.9404296875,3272.075927734375,25.0
2020-10-12,3534.219970703125,11876.259765625,3358.465087890625,25.06999969482422
2020-10-13,3511.929931640625,11863.900390625,3359.75,26.06999969482422
2020-10-14,3488.669921875,11768.73046875,3340.778076171875,26.399999618530273
2020-10-15,3483.340087890625,11713.8701171875,3332.18310546875,26.969999313354492
2020-10-16,3483.81005859375,11671.5595703125,3336.35791015625,27.40999984741211
2020-10-19,3426.919921875,11478.8798828125,3312.669921875,29.18000030517578
2020-10-20,3443.1201171875,11516.490234375,3328.10009765625,29.350000381469727
2020-10-21,3435.56005859375,11484.6904296875,3325.02001953125,28.649999618530273
2020-10-22,3453.489990234375,11506.009765625,3312.5,28.110000610351562
2020-10-23,3465.389892578125,11548.2802734375,3277.9970703125,27.549999237060547
2020-10-26,3400.969970703125,11358.9404296875,3251.118896484375,32.459999084472656
2020-10-27,3390.679931640625,11431.349609375,3254.31591796875,33.349998474121094
2020-10-28,3271.030029296875,11004.8701171875,3269.239990234375,40.279998779296875
2020-10-29,3310.110107421875,11185.58984375,3272.72998046875,37.59000015258789
2020-10-30,3269.9599609375,10911.58984375,3224.532958984375,38.02000045776367
2020-11-02,3310.239990234375,10957.6103515625,3225.1201171875,37.130001068115234
2020-11-03,3369.159912109375,11160.5703125,3271.073974609375,35.54999923706055
2020-11-04,3443.43994140625,11590.7802734375,3277.43994140625,29.56999969482422
2020-11-05,3510.449951171875,11890.9296875,3320.133056640625,27.579999923706055
2020-11-06,3509.43994140625,11895.23046875,3312.158935546875,24.860000610351562
2020-11-09,3550.5,11713.7802734375,3373.72998046875,25.75
2020-11-10,3545.530029296875,11553.8603515625,3360.14892578125,24.799999237060547
2020-11-11,3572.659912109375,11786.4296875,3342.202880859375,23.450000762939453
2020-11-12,3537.010009765625,11709.58984375,3338.679931640625,25.350000381469727
2020-11-13,3585.14990234375,11829.2900390625,3310.10498046875,23.100000381469727
2020-11-16,3626.909912109375,11924.1298828125,3346.968994140625,22.450000762939453
2020-11-17,3609.530029296875,11899.33984375,3339.89990234375,22.709999084472656
2020-11-18,3567.7900390625,11801.599609375,3347.302978515625,23.84000015258789
2020-11-19,3581.8701171875,11904.7099609375,3363.087890625,23.110000610351562
2020-11-20,3557.5400390625,11854.9697265625,3377.72998046875,23.700000762939453
2020-11-23,3577.590087890625,11880.6298828125,3414.489990234375,22.65999984741211
2020-11-24,3635.409912109375,12036.7900390625,3402.822998046875,21.639999389648438
2020-11-25,3629.64990234375,12094.400390625,3362.326904296875,21.25
2020-11-26,,,3369.73291015625,
2020-11-27,3638.35009765625,12205.849609375,3408.306884765625,20.84000015258789
2020-11-30,3621.6298828125,12198.740234375,3391.760009765625,20.56999969482422
2020-12-01,3662.449951171875,12355.1103515625,3451.93994140625,20.770000457763672
2020-12-02,3669.010009765625,12349.3701171875,3449.381103515625,21.170000076293945
2020-12-03,3666.719970703125,12377.1796875,3442.135986328125,21.280000686645508
2020-12-04,3699.1201171875,12464.23046875,3444.5810546875,20.790000915527344
2020-12-07,3691.9599609375,12519.9501953125,3416.60400390625,21.299999237060547
2020-12-08,3702.25,12582.76953125,3410.179931640625,20.68000030517578
2020-12-09,3672.820068359375,12338.9501953125,3371.964111328125,22.270000457763672
2020-12-10,3668.10009765625,12405.8095703125,3373.27587890625,22.520000457763672
2020-12-11,3663.4599609375,12377.8701171875,3347.19091796875,23.309999465942383
2020-12-14,3647.489990234375,12440.0400390625,3369.1201171875,24.719999313354492
2020-12-15,3694.6201171875,12595.0595703125,3367.22998046875,22.889999389648438
2020-12-16,3701.169921875,12658.1904296875,3366.98291015625,22.5
2020-12-17,3722.47998046875,12764.75,3404.873046875,21.93000030517578
2020-12-18,3709.409912109375,12755.6396484375,3394.89990234375,21.56999969482422
2020-12-21,3694.919921875,12742.51953125,3420.569091796875,25.15999984741211
2020-12-22,3687.260009765625,12807.919921875,3356.781982421875,24.229999542236328
2020-12-23,3690.010009765625,12771.1103515625,3382.320068359375,23.309999465942383
2020-12-24,3703.06005859375,12804.73046875,3363.113037109375,21.530000686645508
2020-12-25,,,3396.56298828125,
2020-12-28,3735.360107421875,12899.419921875,3397.284912109375,21.700000762939453
2020-12-29,3727.0400390625,12850.2197265625,3379.035888671875,23.079999923706055
2020-12-30,3732.0400390625,12870.0,3414.452880859375,22.770000457763672
2020-12-31,3756.070068359375,12888.2802734375,3473.069091796875,22.75
